{
  "request_parameter_supported":true,
  "claims_parameter_supported":true,
  "scopes_supported":[
    "openid",
    "accounts",
    "payments"
  ],
  "check_session_iframe":"https://is-sandbox-openbanking.wso2.com/oidc/checksession",
  "issuer":"https://is-sandbox-openbanking.wso2.com/oauth2/token",
  "authorization_endpoint":"https://is-sandbox-openbanking.wso2.com/oauth2/authorize",
  "claims_supported":[
    "preferred_username",
    "middle_name",
    "formatted",
    "updated_at",
    "email",
    "upn",
    "sub",
    "nickname",
    "given_name",
    "locality",
    "gender",
    "region",
    "family_name",
    "email_verified",
    "profile",
    "name",
    "locale",
    "phone_number_verified",
    "zoneinfo",
    "picture",
    "postal_code",
    "street_address",
    "website",
    "groups",
    "address",
    "phone_number",
    "country",
    "birthdate",
    "iss",
    "acr",
    "openbanking_intent_id"
  ],
  "userinfo_signing_alg_values_supported":[
    "PS256",
    "ES256"
  ],
  "token_endpoint_auth_methods_supported":[
    "private_key_jwt",
    "tls_client_auth",
    "client_secret_basic",
    "client_secret_post"
  ],
  "token_endpoint":"https://is-sandbox-openbanking.wso2.com/oauth2/token",
  "response_types_supported":[
    "code id_token",
    "code",
    "id_token",
    "token"
  ],
  "grant_types_supported":[
    "refresh_token",
    "urn:ietf:params:oauth:grant-type:saml2-bearer",
    "password",
    "client_credentials",
    "iwa:ntlm",
    "authorization_code",
    "urn:ietf:params:oauth:grant-type:jwt-bearer",
    "urn:openid:params:grant-type:ciba"
  ],
  "end_session_endpoint":"https://is-sandbox-openbanking.wso2.com/oidc/logout",
  "userinfo_endpoint":"https://is-sandbox-openbanking.wso2.com/oauth2/userinfo?schema=openid",
  "jwks_uri":"https://is-sandbox-openbanking.wso2.com/oauth2/token/keystore",
  "subject_types_supported":[
    "pairwise"
  ],
  "id_token_signing_alg_values_supported":[
    "PS256"
  ],
  "id_token_signing_alg":[
    "PS256"
  ],
  "registration_endpoint":"https://api-sandbox-openbanking.wso2.com/open-banking/0.1/register",
  "request_object_signing_alg_values_supported":[
    "RS256",
    "RS384",
    "RS512",
    "PS256",
    "none"
  ],
  "token_endpoint_auth_signing_alg_values_supported" : [
    "PS256",
    "ES256"
  ],
  "tls_client_certificate_bound_access_tokens": true,
  "backchannel_authentication_endpoint" : "https://is-sandbox-openbanking.wso2.com/oauth2/ciba",
  "backchannel_token_delivery_modes_supported" : ["poll"],
  "backchannel_authentication_request_signing_alg_values_supported": ["PS256"]
}
